technique,step,train_loss,val_loss
Random (baseline),0,3.898581,3.907075
Random (baseline),150,2.431082,2.410538
Random (baseline),300,2.217581,2.231820
Random (baseline),450,2.101972,2.120373
Random (baseline),600,2.018164,2.057862
Random (baseline),750,1.956289,2.029557
Random (baseline),900,1.910690,1.972379
Random (baseline),1050,1.848834,1.937009
Random (baseline),1200,1.816690,1.911412
Random (baseline),1350,1.783093,1.897561
Random (baseline),1500,1.762517,1.881717
Random (baseline),1650,1.740631,1.870701
Random (baseline),1800,1.724108,1.849465
Random (baseline),1950,1.696887,1.840866
Random (baseline),2100,1.672039,1.826030
Random (baseline),2250,1.679696,1.806107
Random (baseline),2400,1.631714,1.807536
Random (baseline),2550,1.637274,1.787153
Random (baseline),2700,1.615509,1.795254
Random (baseline),2850,1.613217,1.783711
Random (baseline),3000,1.599320,1.779203
Random (baseline),3150,1.587036,1.760298
Random (baseline),3300,1.589997,1.751353
Random (baseline),3450,1.566947,1.770141
Random (baseline),3600,1.558773,1.726256
Random (baseline),3750,1.542318,1.762286
Random (baseline),3900,1.535263,1.715338
Random (baseline),4050,1.532330,1.716988
Random (baseline),4200,1.522348,1.701193
Random (baseline),4350,1.528351,1.712070
Random (baseline),4500,1.523257,1.704659
Random (baseline),4650,1.503646,1.698928
Random (baseline),4800,1.510887,1.687143
Random (baseline),4950,1.504454,1.707965
Random (baseline),5100,1.505243,1.697900
Random (baseline),5250,1.476398,1.694435
Random (baseline),5400,1.478080,1.651315
Random (baseline),5550,1.476446,1.670530
Random (baseline),5700,1.464041,1.659470
Random (baseline),5850,1.466630,1.660143
Random (baseline),6000,1.466721,1.660328
Random (baseline),6150,1.453444,1.666953
Random (baseline),6300,1.445127,1.650064
Random (baseline),6450,1.440092,1.673145
Random (baseline),6600,1.423029,1.632040
Random (baseline),6750,1.420820,1.627115
Random (baseline),6900,1.447200,1.638886
Random (baseline),7050,1.431657,1.641061
Random (baseline),7200,1.413993,1.648098
Random (baseline),7350,1.427131,1.653342
Random (baseline),7500,1.429326,1.648899
Random (baseline),7650,1.435571,1.610346
Random (baseline),7800,1.410659,1.612392
Random (baseline),7950,1.422790,1.654248
Random (baseline),8100,1.405176,1.614569
Random (baseline),8250,1.421151,1.624629
Random (baseline),8400,1.421455,1.621009
Random (baseline),8550,1.418476,1.592565
Random (baseline),8700,1.400562,1.639106
Random (baseline),8850,1.414398,1.595053
Random (baseline),9000,1.399169,1.606358
Random (baseline),9150,1.382959,1.603406
Random (baseline),9300,1.414728,1.644265
Random (baseline),9450,1.379939,1.605006
Random (baseline),9600,1.387906,1.623344
Random (baseline),9750,1.391414,1.582739
Random (baseline),9900,1.392377,1.585924
Random (baseline),10050,1.388432,1.607666
Random (baseline),10200,1.369956,1.594605
Random (baseline),10350,1.373084,1.601748
Random (baseline),10500,1.385165,1.602390
Random (baseline),10650,1.384128,1.600281
Random (baseline),10800,1.365371,1.591686
Random (baseline),10950,1.355234,1.602852
Random (baseline),11100,1.376967,1.577836
Random (baseline),11250,1.381143,1.601191
Random (baseline),11400,1.370507,1.583970
Random (baseline),11550,1.374607,1.573628
Random (baseline),11700,1.351076,1.619468
Random (baseline),11850,1.392910,1.593369
Random (baseline),12000,1.371951,1.631307
Random (baseline),12150,1.372232,1.591566
Random (baseline),12300,1.374327,1.582955
Random (baseline),12450,1.368936,1.614973
Random (baseline),12600,1.355673,1.591560
Random (baseline),12750,1.377571,1.614705
Random (baseline),12900,1.361504,1.560929
Random (baseline),13050,1.347617,1.590881
Random (baseline),13200,1.340312,1.602695
Random (baseline),13350,1.364178,1.595069
Random (baseline),13500,1.343569,1.581807
Random (baseline),13650,1.358184,1.578285
Random (baseline),13800,1.349869,1.599331
Random (baseline),13950,1.339787,1.574326
Random (baseline),14100,1.340865,1.599478
Random (baseline),14250,1.359440,1.597695
Random (baseline),14400,1.343608,1.590549
Random (baseline),14550,1.349010,1.574699
Random (baseline),14700,1.344067,1.571253
Random (baseline),14850,1.344471,1.593950
Random (baseline),14999,1.356458,1.577045
Shuffle,0,3.898729,3.908234
Shuffle,150,2.416178,2.426219
Shuffle,300,2.220030,2.209312
Shuffle,450,2.101196,2.123548
Shuffle,600,2.012345,2.058087
Shuffle,750,1.934658,2.009010
Shuffle,900,1.919050,1.970302
Shuffle,1050,1.850752,1.947886
Shuffle,1200,1.809873,1.916343
Shuffle,1350,1.779679,1.895287
Shuffle,1500,1.767965,1.872050
Shuffle,1650,1.739465,1.852226
Shuffle,1800,1.722138,1.848386
Shuffle,1950,1.691487,1.823331
Shuffle,2100,1.671920,1.822931
Shuffle,2250,1.667434,1.799119
Shuffle,2400,1.646419,1.807308
Shuffle,2550,1.618800,1.800006
Shuffle,2700,1.610270,1.800122
Shuffle,2850,1.598384,1.773274
Shuffle,3000,1.599967,1.785149
Shuffle,3150,1.566030,1.761715
Shuffle,3300,1.573483,1.761609
Shuffle,3450,1.556552,1.743742
Shuffle,3600,1.556656,1.725479
Shuffle,3750,1.531842,1.747551
Shuffle,3900,1.544692,1.723157
Shuffle,4050,1.533483,1.717345
Shuffle,4200,1.520621,1.700950
Shuffle,4350,1.521881,1.703620
Shuffle,4500,1.508998,1.691980
Shuffle,4650,1.505476,1.670743
Shuffle,4800,1.493713,1.663159
Shuffle,4950,1.493114,1.674770
Shuffle,5100,1.466274,1.683654
Shuffle,5250,1.464918,1.659209
Shuffle,5400,1.453620,1.639701
Shuffle,5550,1.442457,1.656687
Shuffle,5700,1.473375,1.658077
Shuffle,5850,1.451686,1.678168
Shuffle,6000,1.453621,1.683342
Shuffle,6150,1.461611,1.646599
Shuffle,6300,1.445235,1.655551
Shuffle,6450,1.442179,1.649463
Shuffle,6600,1.439063,1.658568
Shuffle,6750,1.416928,1.658577
Shuffle,6900,1.425233,1.644126
Shuffle,7050,1.425361,1.618478
Shuffle,7200,1.433681,1.650272
Shuffle,7350,1.422622,1.651545
Shuffle,7500,1.407127,1.628277
Shuffle,7650,1.414482,1.623145
Shuffle,7800,1.423770,1.632487
Shuffle,7950,1.420770,1.611214
Shuffle,8100,1.404178,1.637642
Shuffle,8250,1.416022,1.625264
Shuffle,8400,1.413141,1.620654
Shuffle,8550,1.400268,1.591436
Shuffle,8700,1.398553,1.627021
Shuffle,8850,1.405875,1.608098
Shuffle,9000,1.394238,1.591994
Shuffle,9150,1.395228,1.620838
Shuffle,9300,1.407644,1.592942
Shuffle,9450,1.404441,1.619649
Shuffle,9600,1.380448,1.604612
Shuffle,9750,1.396914,1.591220
Shuffle,9900,1.362935,1.595506
Shuffle,10050,1.390250,1.582244
Shuffle,10200,1.378897,1.614449
Shuffle,10350,1.373273,1.630264
Shuffle,10500,1.377778,1.611331
Shuffle,10650,1.361840,1.596153
Shuffle,10800,1.379659,1.586468
Shuffle,10950,1.380574,1.611460
Shuffle,11100,1.342660,1.575894
Shuffle,11250,1.364461,1.597330
Shuffle,11400,1.359984,1.588453
Shuffle,11550,1.369748,1.589745
Shuffle,11700,1.353786,1.581462
Shuffle,11850,1.369130,1.561070
Shuffle,12000,1.356709,1.563149
Shuffle,12150,1.362033,1.601765
Shuffle,12300,1.363549,1.598827
Shuffle,12450,1.364488,1.583730
Shuffle,12600,1.352922,1.554635
Shuffle,12750,1.359202,1.594813
Shuffle,12900,1.349061,1.593334
Shuffle,13050,1.346808,1.565288
Shuffle,13200,1.336314,1.546329
Shuffle,13350,1.346952,1.550782
Shuffle,13500,1.354411,1.588233
Shuffle,13650,1.355745,1.550365
Shuffle,13800,1.340642,1.583069
Shuffle,13950,1.343075,1.557337
Shuffle,14100,1.343156,1.562386
Shuffle,14250,1.335725,1.573621
Shuffle,14400,1.342358,1.578150
Shuffle,14550,1.341995,1.557216
Shuffle,14700,1.341040,1.581566
Shuffle,14850,1.342669,1.561969
Shuffle,14999,1.336573,1.560967
Circular,0,3.898872,3.905842
Circular,150,2.427979,2.411219
Circular,300,2.215591,2.230833
Circular,450,2.108947,2.129834
Circular,600,2.020975,2.063625
Circular,750,1.967051,2.040079
Circular,900,1.914169,1.981351
Circular,1050,1.853092,1.954006
Circular,1200,1.818545,1.916819
Circular,1350,1.787569,1.907995
Circular,1500,1.772671,1.895878
Circular,1650,1.734360,1.868285
Circular,1800,1.722867,1.861662
Circular,1950,1.697207,1.846886
Circular,2100,1.673199,1.838585
Circular,2250,1.676460,1.812459
Circular,2400,1.641963,1.824508
Circular,2550,1.634207,1.802965
Circular,2700,1.611992,1.804049
Circular,2850,1.613725,1.778121
Circular,3000,1.607354,1.787240
Circular,3150,1.588946,1.761360
Circular,3300,1.595107,1.756390
Circular,3450,1.576711,1.771180
Circular,3600,1.561900,1.720167
Circular,3750,1.543417,1.752833
Circular,3900,1.542721,1.723974
Circular,4050,1.534746,1.716895
Circular,4200,1.534004,1.708832
Circular,4350,1.527455,1.706861
Circular,4500,1.526315,1.704239
Circular,4650,1.506308,1.702079
Circular,4800,1.517930,1.703136
Circular,4950,1.507470,1.700394
Circular,5100,1.503829,1.691739
Circular,5250,1.478635,1.686602
Circular,5400,1.484774,1.657512
Circular,5550,1.480671,1.678560
Circular,5700,1.470880,1.671947
Circular,5850,1.468383,1.653576
Circular,6000,1.473614,1.676295
Circular,6150,1.454153,1.662376
Circular,6300,1.444906,1.650582
Circular,6450,1.444021,1.668768
Circular,6600,1.430182,1.636223
Circular,6750,1.430042,1.638877
Circular,6900,1.451031,1.639918
Circular,7050,1.436901,1.638774
Circular,7200,1.420564,1.647080
Circular,7350,1.436840,1.639789
Circular,7500,1.432011,1.650857
Circular,7650,1.439911,1.607865
Circular,7800,1.415916,1.622166
Circular,7950,1.427188,1.641593
Circular,8100,1.412157,1.619110
Circular,8250,1.424871,1.632074
Circular,8400,1.422293,1.629024
Circular,8550,1.419968,1.601259
Circular,8700,1.401027,1.626214
Circular,8850,1.422063,1.599342
Circular,9000,1.404220,1.605593
Circular,9150,1.388711,1.613274
Circular,9300,1.416615,1.637342
Circular,9450,1.382669,1.597575
Circular,9600,1.393453,1.621604
Circular,9750,1.395422,1.591377
Circular,9900,1.402694,1.596189
Circular,10050,1.391902,1.606459
Circular,10200,1.370799,1.591614
Circular,10350,1.381593,1.594871
Circular,10500,1.391082,1.611342
Circular,10650,1.388210,1.605829
Circular,10800,1.372607,1.588677
Circular,10950,1.362331,1.600946
Circular,11100,1.385653,1.586887
Circular,11250,1.386812,1.603149
Circular,11400,1.376885,1.583738
Circular,11550,1.377101,1.574154
Circular,11700,1.352202,1.613506
Circular,11850,1.392177,1.585763
Circular,12000,1.376528,1.627872
Circular,12150,1.378778,1.592615
Circular,12300,1.374634,1.590290
Circular,12450,1.374436,1.613959
Circular,12600,1.356147,1.592120
Circular,12750,1.376612,1.614131
Circular,12900,1.367045,1.562904
Circular,13050,1.354063,1.602514
Circular,13200,1.345617,1.599421
Circular,13350,1.373316,1.597780
Circular,13500,1.344281,1.587163
Circular,13650,1.364516,1.573607
Circular,13800,1.363692,1.596480
Circular,13950,1.342010,1.577527
Circular,14100,1.348758,1.601299
Circular,14250,1.362222,1.600104
Circular,14400,1.346500,1.588527
Circular,14550,1.352831,1.576668
Circular,14700,1.347136,1.571874
Circular,14850,1.350067,1.580801
Circular,14999,1.360863,1.579462
Circular + Shuffle,0,3.899068,3.907688
Circular + Shuffle,150,2.405183,2.414022
Circular + Shuffle,300,2.236019,2.217710
Circular + Shuffle,450,2.109187,2.139562
Circular + Shuffle,600,2.008680,2.061962
Circular + Shuffle,750,1.941461,2.021551
Circular + Shuffle,900,1.930776,1.972963
Circular + Shuffle,1050,1.857011,1.953286
Circular + Shuffle,1200,1.832772,1.941385
Circular + Shuffle,1350,1.793785,1.912193
Circular + Shuffle,1500,1.781112,1.882710
Circular + Shuffle,1650,1.747703,1.859211
Circular + Shuffle,1800,1.729884,1.861588
Circular + Shuffle,1950,1.701924,1.845616
Circular + Shuffle,2100,1.690488,1.823818
Circular + Shuffle,2250,1.675471,1.799892
Circular + Shuffle,2400,1.651730,1.815305
Circular + Shuffle,2550,1.624280,1.802610
Circular + Shuffle,2700,1.617479,1.798933
Circular + Shuffle,2850,1.597173,1.760356
Circular + Shuffle,3000,1.605979,1.788029
Circular + Shuffle,3150,1.572336,1.764518
Circular + Shuffle,3300,1.572542,1.751503
Circular + Shuffle,3450,1.560212,1.744692
Circular + Shuffle,3600,1.558987,1.732905
Circular + Shuffle,3750,1.538161,1.756240
Circular + Shuffle,3900,1.546760,1.723356
Circular + Shuffle,4050,1.538852,1.712421
Circular + Shuffle,4200,1.529233,1.705144
Circular + Shuffle,4350,1.524921,1.704971
Circular + Shuffle,4500,1.517046,1.698478
Circular + Shuffle,4650,1.506968,1.689028
Circular + Shuffle,4800,1.496025,1.668066
Circular + Shuffle,4950,1.502485,1.700811
Circular + Shuffle,5100,1.464855,1.691591
Circular + Shuffle,5250,1.468937,1.677584
Circular + Shuffle,5400,1.457309,1.643210
Circular + Shuffle,5550,1.449132,1.653176
Circular + Shuffle,5700,1.477539,1.672512
Circular + Shuffle,5850,1.454141,1.692242
Circular + Shuffle,6000,1.455849,1.686627
Circular + Shuffle,6150,1.469336,1.647661
Circular + Shuffle,6300,1.449892,1.664112
Circular + Shuffle,6450,1.447132,1.670213
Circular + Shuffle,6600,1.439005,1.663535
Circular + Shuffle,6750,1.425215,1.665050
Circular + Shuffle,6900,1.430222,1.662595
Circular + Shuffle,7050,1.428432,1.624618
Circular + Shuffle,7200,1.436130,1.659610
Circular + Shuffle,7350,1.429199,1.657107
Circular + Shuffle,7500,1.413975,1.623398
Circular + Shuffle,7650,1.420475,1.634552
Circular + Shuffle,7800,1.422955,1.619417
Circular + Shuffle,7950,1.426698,1.622640
Circular + Shuffle,8100,1.407329,1.634166
Circular + Shuffle,8250,1.419167,1.616501
Circular + Shuffle,8400,1.420968,1.635405
Circular + Shuffle,8550,1.402315,1.586066
Circular + Shuffle,8700,1.397914,1.626860
Circular + Shuffle,8850,1.405731,1.615660
Circular + Shuffle,9000,1.399389,1.615494
Circular + Shuffle,9150,1.393732,1.625664
Circular + Shuffle,9300,1.409175,1.598290
Circular + Shuffle,9450,1.403570,1.621528
Circular + Shuffle,9600,1.385789,1.599573
Circular + Shuffle,9750,1.405186,1.603423
Circular + Shuffle,9900,1.364945,1.604481
Circular + Shuffle,10050,1.392134,1.585188
Circular + Shuffle,10200,1.380896,1.618220
Circular + Shuffle,10350,1.374546,1.637735
Circular + Shuffle,10500,1.379639,1.607207
Circular + Shuffle,10650,1.367166,1.600847
Circular + Shuffle,10800,1.384207,1.587474
Circular + Shuffle,10950,1.389116,1.619693
Circular + Shuffle,11100,1.351409,1.582854
Circular + Shuffle,11250,1.367899,1.598569
Circular + Shuffle,11400,1.364965,1.595998
Circular + Shuffle,11550,1.371694,1.595894
Circular + Shuffle,11700,1.351607,1.589914
Circular + Shuffle,11850,1.369951,1.566024
Circular + Shuffle,12000,1.359912,1.571196
Circular + Shuffle,12150,1.362250,1.612995
Circular + Shuffle,12300,1.365855,1.601512
Circular + Shuffle,12450,1.361444,1.593684
Circular + Shuffle,12600,1.359413,1.567113
Circular + Shuffle,12750,1.355556,1.591904
Circular + Shuffle,12900,1.346632,1.599355
Circular + Shuffle,13050,1.349182,1.581746
Circular + Shuffle,13200,1.336533,1.560492
Circular + Shuffle,13350,1.351860,1.551879
Circular + Shuffle,13500,1.355825,1.589297
Circular + Shuffle,13650,1.353218,1.553780
Circular + Shuffle,13800,1.339548,1.589459
Circular + Shuffle,13950,1.347826,1.571072
Circular + Shuffle,14100,1.339486,1.571885
Circular + Shuffle,14250,1.338143,1.593268
Circular + Shuffle,14400,1.343759,1.584249
Circular + Shuffle,14550,1.343580,1.577764
Circular + Shuffle,14700,1.345259,1.594734
Circular + Shuffle,14850,1.344762,1.570598
Circular + Shuffle,14999,1.335990,1.570316
